,algo,max_test_acc,train_time,test_time
0,NN20,0.8030143708377147,0.5407705307006836,0.6407033602396647
