,algo,max_test_acc,train_time,test_time
0,NN20,0.42993197278911566,0.1948544979095459,0.18616159756978354
